{"cameraMode":{"drawMode":0,"name":"Shaded","section":"Shading Mode"},"sceneLighting":true,"audioPlay":false,"sceneViewState":{"showFog":true,"showMaterialUpdate":false,"showSkybox":false,"showFlares":true,"showImageEffects":true,"showParticleSystems":true},"in2DMode":false,"pivot":{"x":6.381486415863037,"y":2.0094997882843019,"z":-49.30024719238281},"rotation":{"x":-0.0915665328502655,"y":-0.7407178282737732,"z":0.10308029502630234,"w":-0.6575905084609985},"size":3.6169815063476564,"orthographic":false}